collectionId,collectionName,releaseDate,trackCount,primaryGenreName,artworkUrl100,artworkUrl600
285119967,"Greetings from Asbury Park, N.J.",1973-01-05T08:00:00Z,9,Rock,https://is1-ssl.mzstatic.com/image/thumb/Music114/v4/d0/4a/a2/d04aa204-3210-0ef9-6bac-cbb0905fc467/074643190329.jpg/100x100bb.jpg,https://is1-ssl.mzstatic.com/image/thumb/Music114/v4/d0/4a/a2/d04aa204-3210-0ef9-6bac-cbb0905fc467/074643190329.jpg/600x600bb.jpg
186149850,"The Wild, The Innocent & the E Street Shuffle",1973-09-11T07:00:00Z,7,Rock,https://is1-ssl.mzstatic.com/image/thumb/Music125/v4/d3/44/7d/d3447d43-bb3e-477a-6de6-f27f616b0824/074643243223.jpg/100x100bb.jpg,https://is1-ssl.mzstatic.com/image/thumb/Music125/v4/d3/44/7d/d3447d43-bb3e-477a-6de6-f27f616b0824/074643243223.jpg/600x600bb.jpg
310730204,Born to Run,1975-08-25T07:00:00Z,8,Rock,https://is1-ssl.mzstatic.com/image/thumb/Music115/v4/0a/02/f7/0a02f7a1-ca2a-c0d7-7192-50314971721f/884977157031.jpg/100x100bb.jpg,https://is1-ssl.mzstatic.com/image/thumb/Music115/v4/0a/02/f7/0a02f7a1-ca2a-c0d7-7192-50314971721f/884977157031.jpg/600x600bb.jpg
400713977,Darkness on the Edge of Town,1978-06-02T07:00:00Z,10,Rock,https://is1-ssl.mzstatic.com/image/thumb/Music124/v4/b3/13/4e/b3134ed3-a05d-d3b2-8f96-8cddd067aa32/884977798753.jpg/100x100bb.jpg,https://is1-ssl.mzstatic.com/image/thumb/Music124/v4/b3/13/4e/b3134ed3-a05d-d3b2-8f96-8cddd067aa32/884977798753.jpg/600x600bb.jpg
186064796,The River,1980-10-17T07:00:00Z,20,Rock,https://is1-ssl.mzstatic.com/image/thumb/Music125/v4/ac/29/8f/ac298fbd-fa23-e8de-09d7-dec9c977f912/074643685429.jpg/100x100bb.jpg,https://is1-ssl.mzstatic.com/image/thumb/Music125/v4/ac/29/8f/ac298fbd-fa23-e8de-09d7-dec9c977f912/074643685429.jpg/600x600bb.jpg
1438594981,The Ties That Bind: The River Collection,1980-10-17T07:00:00Z,32,Rock,https://is1-ssl.mzstatic.com/image/thumb/Music115/v4/57/95/02/579502c3-7395-83a8-625f-8fe500df18b4/886447309216.jpg/100x100bb.jpg,https://is1-ssl.mzstatic.com/image/thumb/Music115/v4/57/95/02/579502c3-7395-83a8-625f-8fe500df18b4/886447309216.jpg/600x600bb.jpg
185798980,Nebraska,1982-09-20T07:00:00Z,10,Rock,https://is1-ssl.mzstatic.com/image/thumb/Music114/v4/76/2d/e5/762de50e-0967-4d24-c4da-752164312cd2/074643835824.jpg/100x100bb.jpg,https://is1-ssl.mzstatic.com/image/thumb/Music114/v4/76/2d/e5/762de50e-0967-4d24-c4da-752164312cd2/074643835824.jpg/600x600bb.jpg
203708420,Born In the U.S.A.,1984-06-04T07:00:00Z,12,Rock,https://is1-ssl.mzstatic.com/image/thumb/Music115/v4/32/72/68/327268ba-b9dd-b322-2a16-bdd0212df48c/074643865326.jpg/100x100bb.jpg,https://is1-ssl.mzstatic.com/image/thumb/Music115/v4/32/72/68/327268ba-b9dd-b322-2a16-bdd0212df48c/074643865326.jpg/600x600bb.jpg
299701857,"Santa Claus Is Comin' to Town (Live at C.W. Post College, Greenvale, NY - December 1975) - Single",1985-01-01T08:00:00Z,1,Christmas: Rock,https://is1-ssl.mzstatic.com/image/thumb/Features124/v4/75/3e/0a/753e0a5e-888d-fca1-2e62-e4916c3cfc01/dj.jmpfisia.jpg/100x100bb.jpg,https://is1-ssl.mzstatic.com/image/thumb/Features124/v4/75/3e/0a/753e0a5e-888d-fca1-2e62-e4916c3cfc01/dj.jmpfisia.jpg/600x600bb.jpg
217291875,Live / 1975-85,1986-11-10T08:00:00Z,40,Arena Rock,https://is1-ssl.mzstatic.com/image/thumb/Features/v4/85/e8/38/85e838f4-bc99-e365-3088-abfcefd2cdcd/dj.tpgeqloc.jpg/100x100bb.jpg,https://is1-ssl.mzstatic.com/image/thumb/Features/v4/85/e8/38/85e838f4-bc99-e365-3088-abfcefd2cdcd/dj.tpgeqloc.jpg/600x600bb.jpg
1377900475,Live 1975-85 - EP,1987-08-01T07:00:00Z,4,Arena Rock,https://is1-ssl.mzstatic.com/image/thumb/Music123/v4/f7/df/f3/f7dff33c-90d8-7e3e-9af5-2f443742a0e4/886446720005.jpg/100x100bb.jpg,https://is1-ssl.mzstatic.com/image/thumb/Music123/v4/f7/df/f3/f7dff33c-90d8-7e3e-9af5-2f443742a0e4/886446720005.jpg/600x600bb.jpg
192745941,Tunnel of Love,1987-10-09T07:00:00Z,12,Rock,https://is1-ssl.mzstatic.com/image/thumb/Music124/v4/bf/42/60/bf42601d-baf5-8e50-0784-28bc65aa9b80/074644099928.jpg/100x100bb.jpg,https://is1-ssl.mzstatic.com/image/thumb/Music124/v4/bf/42/60/bf42601d-baf5-8e50-0784-28bc65aa9b80/074644099928.jpg/600x600bb.jpg
158682529,Chimes of Freedom (Live) - EP,1988-08-01T07:00:00Z,4,Rock,https://is1-ssl.mzstatic.com/image/thumb/Music118/v4/e8/8c/82/e88c82d7-8b6b-8b3d-37c5-bacea31d4dba/074646382226.jpg/100x100bb.jpg,https://is1-ssl.mzstatic.com/image/thumb/Music118/v4/e8/8c/82/e88c82d7-8b6b-8b3d-37c5-bacea31d4dba/074646382226.jpg/600x600bb.jpg
181545768,Lucky Town,1992-03-31T08:00:00Z,10,Rock,https://is1-ssl.mzstatic.com/image/thumb/Music124/v4/3b/4f/7f/3b4f7f6e-c5cd-0fb7-0e58-a7dc8b760c5b/074645300122.jpg/100x100bb.jpg,https://is1-ssl.mzstatic.com/image/thumb/Music124/v4/3b/4f/7f/3b4f7f6e-c5cd-0fb7-0e58-a7dc8b760c5b/074645300122.jpg/600x600bb.jpg
192669706,Human Touch,1992-03-31T08:00:00Z,14,Rock,https://is1-ssl.mzstatic.com/image/thumb/Music114/v4/59/6c/26/596c2606-e279-5349-ac55-9215ebe08b74/074645300023.jpg/100x100bb.jpg,https://is1-ssl.mzstatic.com/image/thumb/Music114/v4/59/6c/26/596c2606-e279-5349-ac55-9215ebe08b74/074645300023.jpg/600x600bb.jpg
1377896023,Roll of the Dice - Single,1992-08-01T07:00:00Z,3,Rock,https://is1-ssl.mzstatic.com/image/thumb/Music128/v4/8c/d6/b9/8cd6b997-ac5e-6ebd-b920-e6cf3cf09339/886446720067.jpg/100x100bb.jpg,https://is1-ssl.mzstatic.com/image/thumb/Music128/v4/8c/d6/b9/8cd6b997-ac5e-6ebd-b920-e6cf3cf09339/886446720067.jpg/600x600bb.jpg
251036262,In Concert/MTV Plugged (Live),1993-04-12T07:00:00Z,13,Rock,https://is1-ssl.mzstatic.com/image/thumb/Music118/v4/73/a9/1b/73a91b22-4d79-000f-c8cf-ce720d05c8d8/074646873021.jpg/100x100bb.jpg,https://is1-ssl.mzstatic.com/image/thumb/Music118/v4/73/a9/1b/73a91b22-4d79-000f-c8cf-ce720d05c8d8/074646873021.jpg/600x600bb.jpg
1466309045,In Concert/MTV Plugged,1993-04-12T07:00:00Z,19,Rock,https://is1-ssl.mzstatic.com/image/thumb/Music113/v4/ca/af/44/caaf44ea-796d-9bc9-7563-1dd2b630e762/886447781821.jpg/100x100bb.jpg,https://is1-ssl.mzstatic.com/image/thumb/Music113/v4/ca/af/44/caaf44ea-796d-9bc9-7563-1dd2b630e762/886447781821.jpg/600x600bb.jpg
1377892931,The Ghost of Tom Joad - EP,1995-01-01T08:00:00Z,3,Rock,https://is1-ssl.mzstatic.com/image/thumb/Music128/v4/48/d1/f9/48d1f998-561b-077e-56f8-1ed1d56aeaff/886446719849.jpg/100x100bb.jpg,https://is1-ssl.mzstatic.com/image/thumb/Music128/v4/48/d1/f9/48d1f998-561b-077e-56f8-1ed1d56aeaff/886446719849.jpg/600x600bb.jpg
1435854353,Greatest Hits,1995-02-27T08:00:00Z,18,Rock,https://is1-ssl.mzstatic.com/image/thumb/Music125/v4/b2/fd/8e/b2fd8ec2-3494-fd9a-b7ad-aacaacea8cde/886447315088.jpg/100x100bb.jpg,https://is1-ssl.mzstatic.com/image/thumb/Music125/v4/b2/fd/8e/b2fd8ec2-3494-fd9a-b7ad-aacaacea8cde/886447315088.jpg/600x600bb.jpg
1378416282,Hungry Heart - EP,1995-03-01T08:00:00Z,4,Rock,https://is1-ssl.mzstatic.com/image/thumb/Music128/v4/25/75/59/257559d8-f9bc-ab0c-c8c8-391d35eeb994/886447041109.jpg/100x100bb.jpg,https://is1-ssl.mzstatic.com/image/thumb/Music128/v4/25/75/59/257559d8-f9bc-ab0c-c8c8-391d35eeb994/886447041109.jpg/600x600bb.jpg
157459955,The Ghost of Tom Joad,1995-11-21T08:00:00Z,12,Pop,https://is1-ssl.mzstatic.com/image/thumb/Music114/v4/9a/b9/db/9ab9db43-344e-fc31-46b1-a0f2691bc922/074646748428.jpg/100x100bb.jpg,https://is1-ssl.mzstatic.com/image/thumb/Music114/v4/9a/b9/db/9ab9db43-344e-fc31-46b1-a0f2691bc922/074646748428.jpg/600x600bb.jpg
1405353639,Dead Man Walkin' - Single,1995-12-29T08:00:00Z,2,Rock,https://is1-ssl.mzstatic.com/image/thumb/Music115/v4/bc/2b/f0/bc2bf0f0-350f-0f3e-5ff0-cf8f5f860739/886447182413.jpg/100x100bb.jpg,https://is1-ssl.mzstatic.com/image/thumb/Music115/v4/bc/2b/f0/bc2bf0f0-350f-0f3e-5ff0-cf8f5f860739/886447182413.jpg/600x600bb.jpg
1377898703,Missing EP,1996-01-01T08:00:00Z,4,Rock,https://is1-ssl.mzstatic.com/image/thumb/Music118/v4/17/36/63/1736631b-fea3-76bb-1c2d-d267193f69bb/886446719979.jpg/100x100bb.jpg,https://is1-ssl.mzstatic.com/image/thumb/Music118/v4/17/36/63/1736631b-fea3-76bb-1c2d-d267193f69bb/886446719979.jpg/600x600bb.jpg
797522110,Blood Brothers - EP,1996-03-05T08:00:00Z,5,Rock,https://is1-ssl.mzstatic.com/image/thumb/Music128/v4/05/77/e2/0577e295-2336-c2b3-989c-e707507c4895/886444422666.jpg/100x100bb.jpg,https://is1-ssl.mzstatic.com/image/thumb/Music128/v4/05/77/e2/0577e295-2336-c2b3-989c-e707507c4895/886444422666.jpg/600x600bb.jpg
1439282181,Tracks,1998-11-10T08:00:00Z,69,Rock,https://is1-ssl.mzstatic.com/image/thumb/Music115/v4/54/a8/39/54a83963-2377-feb3-081c-cbc38474b665/886447308295.jpg/100x100bb.jpg,https://is1-ssl.mzstatic.com/image/thumb/Music115/v4/54/a8/39/54a83963-2377-feb3-081c-cbc38474b665/886447308295.jpg/600x600bb.jpg
1469635936,Live in New York City (Video Album),2001-03-27T08:00:00Z,25,Rock,https://is1-ssl.mzstatic.com/image/thumb/Music113/v4/64/64/6f/64646ffb-8b4c-b6d1-19ed-b263c9508cd9/886447801598.jpg/100x100bb.jpg,https://is1-ssl.mzstatic.com/image/thumb/Music113/v4/64/64/6f/64646ffb-8b4c-b6d1-19ed-b263c9508cd9/886447801598.jpg/600x600bb.jpg
192901525,The Rising,2002-07-30T07:00:00Z,15,Rock,https://is1-ssl.mzstatic.com/image/thumb/Music124/v4/9e/8a/55/9e8a55f7-a372-dd94-e637-e54088e57559/mzi.zjcvknck.jpg/100x100bb.jpg,https://is1-ssl.mzstatic.com/image/thumb/Music124/v4/9e/8a/55/9e8a55f7-a372-dd94-e637-e54088e57559/mzi.zjcvknck.jpg/600x600bb.jpg
1377897287,Lonesome Day - EP,2002-08-01T07:00:00Z,3,Rock,https://is1-ssl.mzstatic.com/image/thumb/Music128/v4/f7/39/e9/f739e932-abf9-d67d-c15b-0036e44b57d2/886446719764.jpg/100x100bb.jpg,https://is1-ssl.mzstatic.com/image/thumb/Music128/v4/f7/39/e9/f739e932-abf9-d67d-c15b-0036e44b57d2/886446719764.jpg/600x600bb.jpg
1377898755,Live & Rare - EP,2003-09-01T07:00:00Z,4,Rock,https://is1-ssl.mzstatic.com/image/thumb/Music128/v4/fd/15/62/fd156243-6fe9-d620-fcb8-b30804773dce/886446742502.jpg/100x100bb.jpg,https://is1-ssl.mzstatic.com/image/thumb/Music128/v4/fd/15/62/fd156243-6fe9-d620-fcb8-b30804773dce/886446742502.jpg/600x600bb.jpg
1045058131,The Essential Bruce Springsteen,2003-11-11T08:00:00Z,37,Rock,https://is1-ssl.mzstatic.com/image/thumb/Music3/v4/a6/a6/53/a6a65331-d20b-53b5-766a-0c79c78f1e73/886445412307.jpg/100x100bb.jpg,https://is1-ssl.mzstatic.com/image/thumb/Music3/v4/a6/a6/53/a6a65331-d20b-53b5-766a-0c79c78f1e73/886445412307.jpg/600x600bb.jpg
1134170183,The Essential Bruce Springsteen (Bonus Tracks),2003-11-11T08:00:00Z,12,Rock,https://is1-ssl.mzstatic.com/image/thumb/Music124/v4/6d/2b/f9/6d2bf9a9-518f-784f-d05c-bf27e85661f3/886446004495.jpg/100x100bb.jpg,https://is1-ssl.mzstatic.com/image/thumb/Music124/v4/6d/2b/f9/6d2bf9a9-518f-784f-d05c-bf27e85661f3/886446004495.jpg/600x600bb.jpg
1469661229,Live in Barcelona (Video Album),2003-11-18T08:00:00Z,24,Arena Rock,https://is1-ssl.mzstatic.com/image/thumb/Music123/v4/f8/38/42/f83842e6-00e6-9ed2-a49a-c29113c171d5/886447801444.jpg/100x100bb.jpg,https://is1-ssl.mzstatic.com/image/thumb/Music123/v4/f8/38/42/f83842e6-00e6-9ed2-a49a-c29113c171d5/886447801444.jpg/600x600bb.jpg
1471058359,Devils & Dust: Acoustic Performances (Video Album),2005-01-01T08:00:00Z,5,Singer/Songwriter,https://is1-ssl.mzstatic.com/image/thumb/Music113/v4/6e/39/61/6e396130-46cc-d1ac-c9ca-286557a36c84/886447800867.jpg/100x100bb.jpg,https://is1-ssl.mzstatic.com/image/thumb/Music113/v4/6e/39/61/6e396130-46cc-d1ac-c9ca-286557a36c84/886447800867.jpg/600x600bb.jpg
302692899,Devils & Dust,2005-04-26T07:00:00Z,12,Rock,https://is1-ssl.mzstatic.com/image/thumb/Music122/v4/24/fc/42/24fc425f-a8ea-ddef-f9a0-c3f3595b1b86/888880885081.jpg/100x100bb.jpg,https://is1-ssl.mzstatic.com/image/thumb/Music122/v4/24/fc/42/24fc425f-a8ea-ddef-f9a0-c3f3595b1b86/888880885081.jpg/600x600bb.jpg
1469629693,VH1 Storytellers (Live Video Album),2005-09-06T07:00:00Z,21,Rock,https://is1-ssl.mzstatic.com/image/thumb/Music123/v4/27/cb/52/27cb52ec-04cc-0226-56f7-0e613079c19c/886447800966.jpg/100x100bb.jpg,https://is1-ssl.mzstatic.com/image/thumb/Music123/v4/27/cb/52/27cb52ec-04cc-0226-56f7-0e613079c19c/886447800966.jpg/600x600bb.jpg
1488883342,"Hammersmith Odeon, London '75 (Video Album)",2005-11-15T08:00:00Z,17,Arena Rock,https://is1-ssl.mzstatic.com/image/thumb/Music123/v4/6f/da/5d/6fda5d7c-f947-bca3-3c31-0e0b96c42847/886448157632.jpg/100x100bb.jpg,https://is1-ssl.mzstatic.com/image/thumb/Music123/v4/6f/da/5d/6fda5d7c-f947-bca3-3c31-0e0b96c42847/886448157632.jpg/600x600bb.jpg
1472080052,"Live at the New Orleans Jazz & Heritage Festival, 2006",2006-01-01T00:00:00Z,17,Rock,https://is1-ssl.mzstatic.com/image/thumb/Music123/v4/bd/b1/9d/bdb19d38-cb93-74f9-41ea-ab51bfb53dbc/886447801796.jpg/100x100bb.jpg,https://is1-ssl.mzstatic.com/image/thumb/Music123/v4/bd/b1/9d/bdb19d38-cb93-74f9-41ea-ab51bfb53dbc/886447801796.jpg/600x600bb.jpg
400848471,"Hammersmith Odeon, London '75",2006-02-28T08:00:00Z,16,Pop,https://is1-ssl.mzstatic.com/image/thumb/Music128/v4/a8/96/72/a89672a8-fd6f-4fee-0713-a27695f0de60/884977737349.jpg/100x100bb.jpg,https://is1-ssl.mzstatic.com/image/thumb/Music128/v4/a8/96/72/a89672a8-fd6f-4fee-0713-a27695f0de60/884977737349.jpg/600x600bb.jpg
1476477499,The Seeger Sessions,2006-04-25T00:00:00Z,8,Rock,https://is1-ssl.mzstatic.com/image/thumb/Music123/v4/e5/5d/1a/e55d1a51-df72-643e-d071-a95877ba1013/886447896624.jpg/100x100bb.jpg,https://is1-ssl.mzstatic.com/image/thumb/Music123/v4/e5/5d/1a/e55d1a51-df72-643e-d071-a95877ba1013/886447896624.jpg/600x600bb.jpg
194944243,We Shall Overcome: The Seeger Sessions (American Land Edition),2006-04-25T07:00:00Z,18,Rock,https://is1-ssl.mzstatic.com/image/thumb/Features115/v4/08/4a/41/084a4180-472c-476b-78f1-ae23e8ccb236/dj.zcromhpc.jpg/100x100bb.jpg,https://is1-ssl.mzstatic.com/image/thumb/Features115/v4/08/4a/41/084a4180-472c-476b-78f1-ae23e8ccb236/dj.zcromhpc.jpg/600x600bb.jpg
1625368022,Live In Dublin,2007-06-05T07:00:00Z,28,Rock,https://is1-ssl.mzstatic.com/image/thumb/Music122/v4/c3/e9/64/c3e964d7-528c-8b7e-1327-7a429a2d44e3/196589152794.jpg/100x100bb.jpg,https://is1-ssl.mzstatic.com/image/thumb/Music122/v4/c3/e9/64/c3e964d7-528c-8b7e-1327-7a429a2d44e3/196589152794.jpg/600x600bb.jpg
1325275538,Magic,2007-09-25T07:00:00Z,12,Rock,https://is1-ssl.mzstatic.com/image/thumb/Music118/v4/55/61/a4/5561a4e0-9c02-5699-8d9c-756939e7194c/886446843957.jpg/100x100bb.jpg,https://is1-ssl.mzstatic.com/image/thumb/Music118/v4/55/61/a4/5561a4e0-9c02-5699-8d9c-756939e7194c/886446843957.jpg/600x600bb.jpg
272106425,Girls In Their Summer Clothes - Single,2008-01-15T08:00:00Z,2,Rock,https://is1-ssl.mzstatic.com/image/thumb/Music118/v4/da/7f/2c/da7f2c73-e08c-f423-686f-60895f19324e/888880433435.jpg/100x100bb.jpg,https://is1-ssl.mzstatic.com/image/thumb/Music118/v4/da/7f/2c/da7f2c73-e08c-f423-686f-60895f19324e/888880433435.jpg/600x600bb.jpg
284669399,Magic Tour Highlights - EP,2008-07-15T07:00:00Z,4,Rock,https://is1-ssl.mzstatic.com/image/thumb/Features/v4/74/01/ba/7401baf0-1e1c-b431-469f-9c5de533ccf3/dj.hqybfkku.jpg/100x100bb.jpg,https://is1-ssl.mzstatic.com/image/thumb/Features/v4/74/01/ba/7401baf0-1e1c-b431-469f-9c5de533ccf3/dj.hqybfkku.jpg/600x600bb.jpg
404071615,Working On a Dream,2009-01-27T08:00:00Z,13,Rock,https://is1-ssl.mzstatic.com/image/thumb/Music114/v4/e5/22/16/e52216a6-5bdd-6f2d-6e46-aa48054d3957/mzi.nrrejozz.jpg/100x100bb.jpg,https://is1-ssl.mzstatic.com/image/thumb/Music114/v4/e5/22/16/e52216a6-5bdd-6f2d-6e46-aa48054d3957/mzi.nrrejozz.jpg/600x600bb.jpg
1377892928,What Love Can Do - Single,2009-03-27T07:00:00Z,2,Rock,https://is1-ssl.mzstatic.com/image/thumb/Music128/v4/16/43/fb/1643fb61-e028-e3b9-b88b-12fbd58be2fe/886446719986.jpg/100x100bb.jpg,https://is1-ssl.mzstatic.com/image/thumb/Music128/v4/16/43/fb/1643fb61-e028-e3b9-b88b-12fbd58be2fe/886446719986.jpg/600x600bb.jpg
808429658,"Wrecking Ball (Live at Giants Stadium, E. Rutherford, NJ - October 2009) - Single",2009-10-20T07:00:00Z,1,Arena Rock,https://is1-ssl.mzstatic.com/image/thumb/Music4/v4/f9/25/21/f92521d9-58c1-d860-7606-0bc6fcc66db5/884977407693.jpg/100x100bb.jpg,https://is1-ssl.mzstatic.com/image/thumb/Music4/v4/f9/25/21/f92521d9-58c1-d860-7606-0bc6fcc66db5/884977407693.jpg/600x600bb.jpg
1471070263,Thrill Hill Vault: 1976-1978 (Live Videos),2010-01-01T00:00:00Z,12,Rock,https://is1-ssl.mzstatic.com/image/thumb/Music123/v4/41/63/b8/4163b874-f8b5-eddc-6be6-f1b2df44e193/886447801383.jpg/100x100bb.jpg,https://is1-ssl.mzstatic.com/image/thumb/Music123/v4/41/63/b8/4163b874-f8b5-eddc-6be6-f1b2df44e193/886447801383.jpg/600x600bb.jpg
1501266697,London Calling: Live in Hyde Park (Video Album),2010-06-22T07:00:00Z,28,Arena Rock,https://is1-ssl.mzstatic.com/image/thumb/Music114/v4/81/b6/e9/81b6e9b7-80d1-f4bb-e133-0931c980a730/886448225331.jpg/100x100bb.jpg,https://is1-ssl.mzstatic.com/image/thumb/Music114/v4/81/b6/e9/81b6e9b7-80d1-f4bb-e133-0931c980a730/886448225331.jpg/600x600bb.jpg
400713084,The Promise,2010-11-16T08:00:00Z,21,Rock,https://is1-ssl.mzstatic.com/image/thumb/Music118/v4/a0/64/15/a06415c0-eb8d-027d-0415-9e247ed2fcc9/884977772814.jpg/100x100bb.jpg,https://is1-ssl.mzstatic.com/image/thumb/Music118/v4/a0/64/15/a06415c0-eb8d-027d-0415-9e247ed2fcc9/884977772814.jpg/600x600bb.jpg
1487043316,Thrill Hill Vault Houston '78 Bootleg: House Cut (Video Album),2010-11-16T08:00:00Z,26,Rock,https://is1-ssl.mzstatic.com/image/thumb/Music123/v4/c4/30/5c/c4305c86-cb4e-b0f6-087d-371f34ff9348/886447917466.jpg/100x100bb.jpg,https://is1-ssl.mzstatic.com/image/thumb/Music123/v4/c4/30/5c/c4305c86-cb4e-b0f6-087d-371f34ff9348/886447917466.jpg/600x600bb.jpg
1389930426,"Gotta Get That Feeling / Racing In the Street ('78) [Live from The Carousel, Asbury Park] - Single",2011-04-12T07:00:00Z,2,Rock,https://is1-ssl.mzstatic.com/image/thumb/Music125/v4/57/2b/96/572b96d8-25b0-a64c-f2c5-72c6bb57f17d/886447140444.jpg/100x100bb.jpg,https://is1-ssl.mzstatic.com/image/thumb/Music125/v4/57/2b/96/572b96d8-25b0-a64c-f2c5-72c6bb57f17d/886447140444.jpg/600x600bb.jpg
1492375968,"Live At The Carousel, Asbury Park, NJ - 2010",2011-04-16T07:00:00Z,5,Rock,https://is1-ssl.mzstatic.com/image/thumb/Music113/v4/36/2b/8e/362b8e70-1238-3198-46d9-fc9f93f37d50/886448215332.jpg/100x100bb.jpg,https://is1-ssl.mzstatic.com/image/thumb/Music113/v4/36/2b/8e/362b8e70-1238-3198-46d9-fc9f93f37d50/886448215332.jpg/600x600bb.jpg
507103631,Wrecking Ball,2012-03-05T08:00:00Z,13,Rock,https://is1-ssl.mzstatic.com/image/thumb/Music113/v4/eb/e1/3e/ebe13ef8-2c72-6cd6-8c3a-daf0e08ddceb/886443344778.jpg/100x100bb.jpg,https://is1-ssl.mzstatic.com/image/thumb/Music113/v4/eb/e1/3e/ebe13ef8-2c72-6cd6-8c3a-daf0e08ddceb/886443344778.jpg/600x600bb.jpg
1377900152,Rocky Ground - Single,2012-04-17T07:00:00Z,2,Rock,https://is1-ssl.mzstatic.com/image/thumb/Music118/v4/34/32/2a/34322aa2-39ef-50cd-224b-50859046e04a/886446719993.jpg/100x100bb.jpg,https://is1-ssl.mzstatic.com/image/thumb/Music118/v4/34/32/2a/34322aa2-39ef-50cd-224b-50859046e04a/886446719993.jpg/600x600bb.jpg
741055385,High Hopes,2014-01-14T08:00:00Z,12,Rock,https://is1-ssl.mzstatic.com/image/thumb/Music115/v4/93/27/9e/93279e05-c7c8-dd4c-514c-9b245171c5a9/886444329491.jpg/100x100bb.jpg,https://is1-ssl.mzstatic.com/image/thumb/Music115/v4/93/27/9e/93279e05-c7c8-dd4c-514c-9b245171c5a9/886444329491.jpg/600x600bb.jpg
1466320398,Born In the U.S.A. Live: London 2013 (Video Album),2014-01-14T08:00:00Z,13,Arena Rock,https://is1-ssl.mzstatic.com/image/thumb/Music113/v4/57/f1/40/57f140f3-31d2-1fe7-d84f-99c9ae42a9a5/886447781722.jpg/100x100bb.jpg,https://is1-ssl.mzstatic.com/image/thumb/Music113/v4/57/f1/40/57f140f3-31d2-1fe7-d84f-99c9ae42a9a5/886447781722.jpg/600x600bb.jpg
857968854,American Beauty - EP,2014-04-19T07:00:00Z,4,Rock,https://is1-ssl.mzstatic.com/image/thumb/Music/v4/3b/62/ef/3b62ef60-08ad-6a83-7268-1448d91ab610/886444471220.jpg/100x100bb.jpg,https://is1-ssl.mzstatic.com/image/thumb/Music/v4/3b/62/ef/3b62ef60-08ad-6a83-7268-1448d91ab610/886444471220.jpg/600x600bb.jpg
918626472,"The Album Collection, Vol. 1 (1973-1984)",2014-11-17T08:00:00Z,76,Rock,https://is1-ssl.mzstatic.com/image/thumb/Music4/v4/04/64/84/0464846c-a00d-dcc2-d0f9-60d37765fce0/886444840705.jpg/100x100bb.jpg,https://is1-ssl.mzstatic.com/image/thumb/Music4/v4/04/64/84/0464846c-a00d-dcc2-d0f9-60d37765fce0/886444840705.jpg/600x600bb.jpg
1136909069,Chapter and Verse,2016-09-23T07:00:00Z,18,Rock,https://is1-ssl.mzstatic.com/image/thumb/Music126/v4/a6/af/41/a6af41ed-4b4a-b638-834c-26ab3c035d24/886446014920.jpg/100x100bb.jpg,https://is1-ssl.mzstatic.com/image/thumb/Music126/v4/a6/af/41/a6af41ed-4b4a-b638-834c-26ab3c035d24/886446014920.jpg/600x600bb.jpg
1533360488,That's What Makes Us Great (feat. Bruce Springsteen) - Single,2017-04-17T07:00:00Z,1,Rock,https://is1-ssl.mzstatic.com/image/thumb/Music114/v4/d3/cc/8e/d3cc8e87-31e3-eddf-496b-1776c51ad018/195497293575.jpg/100x100bb.jpg,https://is1-ssl.mzstatic.com/image/thumb/Music114/v4/d3/cc/8e/d3cc8e87-31e3-eddf-496b-1776c51ad018/195497293575.jpg/600x600bb.jpg
1443014354,The Live Series: Songs of the Road,2018-11-01T07:00:00Z,15,Rock,https://is1-ssl.mzstatic.com/image/thumb/Music128/v4/38/1b/b6/381bb6f1-d410-8e34-94ec-b7d736ba366d/886447429891.jpg/100x100bb.jpg,https://is1-ssl.mzstatic.com/image/thumb/Music128/v4/38/1b/b6/381bb6f1-d410-8e34-94ec-b7d736ba366d/886447429891.jpg/600x600bb.jpg
1682345328,The Live Series Collection,2018-11-29T08:00:00Z,165,Rock,https://is1-ssl.mzstatic.com/image/thumb/Music126/v4/cd/89/73/cd897323-4c1b-a99f-319c-88c69df3ca26/196871050661.jpg/100x100bb.jpg,https://is1-ssl.mzstatic.com/image/thumb/Music126/v4/cd/89/73/cd897323-4c1b-a99f-319c-88c69df3ca26/196871050661.jpg/600x600bb.jpg
1440067297,Springsteen on Broadway,2018-12-14T08:00:00Z,30,Rock,https://is1-ssl.mzstatic.com/image/thumb/Music118/v4/63/76/86/6376864c-eee4-14f2-ad64-28c1b5aab8e9/886447357644.jpg/100x100bb.jpg,https://is1-ssl.mzstatic.com/image/thumb/Music118/v4/63/76/86/6376864c-eee4-14f2-ad64-28c1b5aab8e9/886447357644.jpg/600x600bb.jpg
1449203693,The Live Series: Songs of Friendship,2019-01-25T08:00:00Z,15,Rock,https://is1-ssl.mzstatic.com/image/thumb/Music114/v4/d9/b7/ee/d9b7ee80-6b6c-ee3d-6917-d7efdfce78f5/886447514948.jpg/100x100bb.jpg,https://is1-ssl.mzstatic.com/image/thumb/Music114/v4/d9/b7/ee/d9b7ee80-6b6c-ee3d-6917-d7efdfce78f5/886447514948.jpg/600x600bb.jpg
1456652248,The Live Series: Songs of Hope,2019-03-29T07:00:00Z,15,Rock,https://is1-ssl.mzstatic.com/image/thumb/Music113/v4/13/3c/11/133c11eb-d67e-79a1-c478-36f97f80f4c4/886447589977.jpg/100x100bb.jpg,https://is1-ssl.mzstatic.com/image/thumb/Music113/v4/13/3c/11/133c11eb-d67e-79a1-c478-36f97f80f4c4/886447589977.jpg/600x600bb.jpg
1476889432,The Live Series: Songs of Love,2019-06-13T07:00:00Z,15,Rock,https://is1-ssl.mzstatic.com/image/thumb/Music113/v4/7c/43/be/7c43be03-0714-6f3e-e2e5-b29180b3277e/886447850190.jpg/100x100bb.jpg,https://is1-ssl.mzstatic.com/image/thumb/Music113/v4/7c/43/be/7c43be03-0714-6f3e-e2e5-b29180b3277e/886447850190.jpg/600x600bb.jpg
1459884961,Western Stars,2019-06-14T07:00:00Z,13,Rock,https://is1-ssl.mzstatic.com/image/thumb/Music113/v4/a4/ca/24/a4ca24ab-c77c-c088-f769-7685a0b8a046/886447562147.jpg/100x100bb.jpg,https://is1-ssl.mzstatic.com/image/thumb/Music113/v4/a4/ca/24/a4ca24ab-c77c-c088-f769-7685a0b8a046/886447562147.jpg/600x600bb.jpg
1471088290,"The River Tour, Tempe 1980 Concert (Video Album)",2019-07-05T07:00:00Z,30,Arena Rock,https://is1-ssl.mzstatic.com/image/thumb/Music113/v4/c8/59/43/c859430f-1cbf-6ec1-2e5b-15dbff4aceff/886447801093.jpg/100x100bb.jpg,https://is1-ssl.mzstatic.com/image/thumb/Music113/v4/c8/59/43/c859430f-1cbf-6ec1-2e5b-15dbff4aceff/886447801093.jpg/600x600bb.jpg
1471237203,Blinded by the Light (Original Motion Picture Soundtrack),2019-08-09T07:00:00Z,24,Soundtrack,https://is1-ssl.mzstatic.com/image/thumb/Music124/v4/17/60/36/176036d2-fada-4b9a-6ae4-467b400f868b/886447810941.jpg/100x100bb.jpg,https://is1-ssl.mzstatic.com/image/thumb/Music124/v4/17/60/36/176036d2-fada-4b9a-6ae4-467b400f868b/886447810941.jpg/600x600bb.jpg
1485752186,The Live Series: Songs from Around the World,2019-10-24T07:00:00Z,15,Rock,https://is1-ssl.mzstatic.com/image/thumb/Music113/v4/b0/15/e4/b015e462-bb00-68b7-d7a0-1a62f54652a6/886447850213.jpg/100x100bb.jpg,https://is1-ssl.mzstatic.com/image/thumb/Music113/v4/b0/15/e4/b015e462-bb00-68b7-d7a0-1a62f54652a6/886447850213.jpg/600x600bb.jpg
1497932776,The Live Series: Songs Under Cover,2019-10-24T07:00:00Z,15,Rock,https://is1-ssl.mzstatic.com/image/thumb/Music113/v4/de/36/26/de3626b3-b1ed-6184-c5d6-d0734be44e48/886447850206.jpg/100x100bb.jpg,https://is1-ssl.mzstatic.com/image/thumb/Music113/v4/de/36/26/de3626b3-b1ed-6184-c5d6-d0734be44e48/886447850206.jpg/600x600bb.jpg
1481280479,Western Stars - Songs From the Film,2019-10-25T07:00:00Z,14,Rock,https://is1-ssl.mzstatic.com/image/thumb/Music115/v4/6e/63/e1/6e63e12b-f191-1ac9-426f-30235328f595/886447928479.jpg/100x100bb.jpg,https://is1-ssl.mzstatic.com/image/thumb/Music115/v4/6e/63/e1/6e63e12b-f191-1ac9-426f-30235328f595/886447928479.jpg/600x600bb.jpg
1511628475,The Live Series: Songs of Summer,2020-05-15T07:00:00Z,15,Rock,https://is1-ssl.mzstatic.com/image/thumb/Music113/v4/78/c7/49/78c749bb-5441-b85d-d583-d59abdea5f43/886448407812.jpg/100x100bb.jpg,https://is1-ssl.mzstatic.com/image/thumb/Music113/v4/78/c7/49/78c749bb-5441-b85d-d583-d59abdea5f43/886448407812.jpg/600x600bb.jpg
1522615797,The Live Series: Stripped Down,2020-07-17T07:00:00Z,15,Rock,https://is1-ssl.mzstatic.com/image/thumb/Music124/v4/52/f3/52/52f3522b-9a0b-0de9-c014-11911345879e/886448581307.jpg/100x100bb.jpg,https://is1-ssl.mzstatic.com/image/thumb/Music124/v4/52/f3/52/52f3522b-9a0b-0de9-c014-11911345879e/886448581307.jpg/600x600bb.jpg
1532536856,"Darkness on the Edge of Town (Paramount Theater, Asbury Park 2009) [Live Video Album]",2020-09-18T07:00:00Z,12,Rock,https://is1-ssl.mzstatic.com/image/thumb/Music124/v4/fe/4d/a6/fe4da6a1-2e23-19fb-e74f-62e9598ab580/886448738381.jpg/100x100bb.jpg,https://is1-ssl.mzstatic.com/image/thumb/Music124/v4/fe/4d/a6/fe4da6a1-2e23-19fb-e74f-62e9598ab580/886448738381.jpg/600x600bb.jpg
1554571175,The Live Series: Songs Under Cover Vol. 2,2020-10-22T07:00:00Z,15,Rock,https://is1-ssl.mzstatic.com/image/thumb/Music124/v4/5f/d5/d1/5fd5d10c-4b65-c502-8011-6de7bc49786d/886449059232.jpg/100x100bb.jpg,https://is1-ssl.mzstatic.com/image/thumb/Music124/v4/5f/d5/d1/5fd5d10c-4b65-c502-8011-6de7bc49786d/886449059232.jpg/600x600bb.jpg
1529959055,Letter To You,2020-10-23T07:00:00Z,12,Rock,https://is1-ssl.mzstatic.com/image/thumb/Music115/v4/7d/8c/0c/7d8c0ce3-f1cf-26d3-cb30-a790baf3a026/886448711810.jpg/100x100bb.jpg,https://is1-ssl.mzstatic.com/image/thumb/Music115/v4/7d/8c/0c/7d8c0ce3-f1cf-26d3-cb30-a790baf3a026/886448711810.jpg/600x600bb.jpg
1539464920,chinatown (feat. Bruce Springsteen) - Single,2020-11-20T08:00:00Z,1,Alternative,https://is1-ssl.mzstatic.com/image/thumb/Music124/v4/11/b5/41/11b541f1-463a-5eb8-2ea5-80b719868173/886448694632.jpg/100x100bb.jpg,https://is1-ssl.mzstatic.com/image/thumb/Music124/v4/11/b5/41/11b541f1-463a-5eb8-2ea5-80b719868173/886448694632.jpg/600x600bb.jpg
1571216123,Dustland (feat. Bruce Springsteen) - Single,2021-06-16T07:00:00Z,1,Alternative,https://is1-ssl.mzstatic.com/image/thumb/Music115/v4/e2/ed/3c/e2ed3c8e-1cd5-ae5f-341b-4cfbfe9b764d/21UMGIM46486.rgb.jpg/100x100bb.jpg,https://is1-ssl.mzstatic.com/image/thumb/Music115/v4/e2/ed/3c/e2ed3c8e-1cd5-ae5f-341b-4cfbfe9b764d/21UMGIM46486.rgb.jpg/600x600bb.jpg
1587025739,Wasted Days - Single,2021-09-29T07:00:00Z,1,Rock,https://is1-ssl.mzstatic.com/image/thumb/Music125/v4/bf/86/cd/bf86cd1f-b9e9-581d-1d92-de59daadcd40/21UM1IM16149.rgb.jpg/100x100bb.jpg,https://is1-ssl.mzstatic.com/image/thumb/Music125/v4/bf/86/cd/bf86cd1f-b9e9-581d-1d92-de59daadcd40/21UM1IM16149.rgb.jpg/600x600bb.jpg
1584258586,The Legendary 1979 No Nukes Concerts,2021-10-22T07:00:00Z,13,Arena Rock,https://is1-ssl.mzstatic.com/image/thumb/Music115/v4/c0/ff/00/c0ff004b-d81e-6ff3-5518-f767512f0797/886449517190.jpg/100x100bb.jpg,https://is1-ssl.mzstatic.com/image/thumb/Music115/v4/c0/ff/00/c0ff004b-d81e-6ff3-5518-f767512f0797/886449517190.jpg/600x600bb.jpg
1620957305,The Live Series: Songs Of Location,2022-04-29T07:00:00Z,15,Rock,https://is1-ssl.mzstatic.com/image/thumb/Music126/v4/27/ca/f7/27caf7c3-a639-83f6-ce7c-ea1fa387fb14/196589104045.jpg/100x100bb.jpg,https://is1-ssl.mzstatic.com/image/thumb/Music126/v4/27/ca/f7/27caf7c3-a639-83f6-ce7c-ea1fa387fb14/196589104045.jpg/600x600bb.jpg
1646713825,Only the Strong Survive,2022-11-11T08:00:00Z,15,Rock,https://is1-ssl.mzstatic.com/image/thumb/Music112/v4/ea/bb/1b/eabb1b66-4007-6270-82fb-da7a94a30a15/196589231055.jpg/100x100bb.jpg,https://is1-ssl.mzstatic.com/image/thumb/Music112/v4/ea/bb/1b/eabb1b66-4007-6270-82fb-da7a94a30a15/196589231055.jpg/600x600bb.jpg
1682337462,The Live Series: Songs of Character,2023-04-21T07:00:00Z,15,Rock,https://is1-ssl.mzstatic.com/image/thumb/Music126/v4/18/05/bc/1805bc18-5e6a-04d2-6f32-5007e2eaf531/196871047814.jpg/100x100bb.jpg,https://is1-ssl.mzstatic.com/image/thumb/Music126/v4/18/05/bc/1805bc18-5e6a-04d2-6f32-5007e2eaf531/196871047814.jpg/600x600bb.jpg
1698201068,The Live Series: Songs of Introspection,2023-07-28T07:00:00Z,15,Rock,https://is1-ssl.mzstatic.com/image/thumb/Music116/v4/d9/ab/e0/d9abe0ec-8112-8f1d-df1d-3fe24af11b50/196871239974.jpg/100x100bb.jpg,https://is1-ssl.mzstatic.com/image/thumb/Music116/v4/d9/ab/e0/d9abe0ec-8112-8f1d-df1d-3fe24af11b50/196871239974.jpg/600x600bb.jpg
1706549221,The Live Series: Songs of New Jersey,2023-09-22T07:00:00Z,20,Rock,https://is1-ssl.mzstatic.com/image/thumb/Music116/v4/13/d1/2a/13d12aff-2ff6-5e62-f87c-a3fc5a672693/196871291590.jpg/100x100bb.jpg,https://is1-ssl.mzstatic.com/image/thumb/Music116/v4/13/d1/2a/13d12aff-2ff6-5e62-f87c-a3fc5a672693/196871291590.jpg/600x600bb.jpg
1707054379,Addicted to Romance (from the film 'She Came to Me') - Single,2023-09-29T07:00:00Z,1,Rock,https://is1-ssl.mzstatic.com/image/thumb/Music126/v4/cd/73/6b/cd736bbf-5455-b6c8-a86a-f831e2e866b3/196589871770.jpg/100x100bb.jpg,https://is1-ssl.mzstatic.com/image/thumb/Music126/v4/cd/73/6b/cd736bbf-5455-b6c8-a86a-f831e2e866b3/196589871770.jpg/600x600bb.jpg
1716468702,The Live Series: Songs on Keys,2023-12-01T08:00:00Z,15,Rock,https://is1-ssl.mzstatic.com/image/thumb/Music116/v4/d4/70/2d/d4702de2-b6d9-0c1d-080c-596e89cd9013/196871558310.jpg/100x100bb.jpg,https://is1-ssl.mzstatic.com/image/thumb/Music116/v4/d4/70/2d/d4702de2-b6d9-0c1d-080c-596e89cd9013/196871558310.jpg/600x600bb.jpg
1735027728,Songs Of Celebration (The Live Series),2024-03-15T07:00:00Z,15,Rock,https://is1-ssl.mzstatic.com/image/thumb/Music112/v4/8f/e3/ce/8fe3ce91-1bff-40a9-f993-bcec511154df/196871884921.jpg/100x100bb.jpg,https://is1-ssl.mzstatic.com/image/thumb/Music112/v4/8f/e3/ce/8fe3ce91-1bff-40a9-f993-bcec511154df/196871884921.jpg/600x600bb.jpg
1733551531,Best of Bruce Springsteen (Expanded Edition),2024-04-19T07:00:00Z,31,Rock,https://is1-ssl.mzstatic.com/image/thumb/Music211/v4/2a/f3/f8/2af3f838-224f-d35c-3c57-21fde09f34a9/196871825238.jpg/100x100bb.jpg,https://is1-ssl.mzstatic.com/image/thumb/Music211/v4/2a/f3/f8/2af3f838-224f-d35c-3c57-21fde09f34a9/196871825238.jpg/600x600bb.jpg
1745645680,The Live Series: Songs From Around The World Vol. 2,2024-05-17T07:00:00Z,15,Rock,https://is1-ssl.mzstatic.com/image/thumb/Music211/v4/cc/9f/ee/cc9feef6-5daf-9ec7-4c55-962729950b42/196871915830.jpg/100x100bb.jpg,https://is1-ssl.mzstatic.com/image/thumb/Music211/v4/cc/9f/ee/cc9feef6-5daf-9ec7-4c55-962729950b42/196871915830.jpg/600x600bb.jpg
1748513452,The Born in the U.S.A. Tour '84 - '85,2024-06-03T07:00:00Z,15,Rock,https://is1-ssl.mzstatic.com/image/thumb/Music211/v4/6c/1d/e5/6c1de58b-ed7d-0122-e77b-261bf26ed2a2/196871996853.jpg/100x100bb.jpg,https://is1-ssl.mzstatic.com/image/thumb/Music211/v4/6c/1d/e5/6c1de58b-ed7d-0122-e77b-261bf26ed2a2/196871996853.jpg/600x600bb.jpg
1768211528,The Live Series: Songs Of Conscience,2024-09-20T07:00:00Z,15,Rock,https://is1-ssl.mzstatic.com/image/thumb/Music221/v4/76/8b/2f/768b2f95-1923-188c-3706-b1a07a874a71/196872373202.jpg/100x100bb.jpg,https://is1-ssl.mzstatic.com/image/thumb/Music221/v4/76/8b/2f/768b2f95-1923-188c-3706-b1a07a874a71/196872373202.jpg/600x600bb.jpg
1774635122,Bruce Springsteen & The E Street Band - Road Diary,2024-10-25T07:00:00Z,24,Arena Rock,https://is1-ssl.mzstatic.com/image/thumb/Music211/v4/36/54/01/3654010f-d88d-36e6-780c-0a3e8efde269/196872425635.jpg/100x100bb.jpg,https://is1-ssl.mzstatic.com/image/thumb/Music211/v4/36/54/01/3654010f-d88d-36e6-780c-0a3e8efde269/196872425635.jpg/600x600bb.jpg
1785116466,The Live Series: Songs Under Cover Vol. 3,2024-12-20T08:00:00Z,15,Rock,https://is1-ssl.mzstatic.com/image/thumb/Music221/v4/3c/fe/53/3cfe5338-e3f1-326a-a46f-dafcb16d506f/196872754360.jpg/100x100bb.jpg,https://is1-ssl.mzstatic.com/image/thumb/Music221/v4/3c/fe/53/3cfe5338-e3f1-326a-a46f-dafcb16d506f/196872754360.jpg/600x600bb.jpg
1815617361,Land Of Hope & Dreams (Live),2025-05-20T07:00:00Z,6,Arena Rock,https://is1-ssl.mzstatic.com/image/thumb/Music221/v4/fa/5f/6f/fa5f6f68-0304-cea7-2a92-d91d2dd22334/196873209920.jpg/100x100bb.jpg,https://is1-ssl.mzstatic.com/image/thumb/Music221/v4/fa/5f/6f/fa5f6f68-0304-cea7-2a92-d91d2dd22334/196873209920.jpg/600x600bb.jpg
1804688733,Tracks II: The Lost Albums,2025-06-27T07:00:00Z,84,Rock,https://is1-ssl.mzstatic.com/image/thumb/Music211/v4/c5/6f/eb/c56feb9d-b333-a761-41ae-2dffe517eef2/196873001647.jpg/100x100bb.jpg,https://is1-ssl.mzstatic.com/image/thumb/Music211/v4/c5/6f/eb/c56feb9d-b333-a761-41ae-2dffe517eef2/196873001647.jpg/600x600bb.jpg
1804675146,Lost and Found: Selections from The Lost Albums,2025-06-27T07:00:00Z,20,Rock,https://is1-ssl.mzstatic.com/image/thumb/Music211/v4/d7/74/95/d7749586-07c4-dbc9-c328-622fe098b817/196873001661.jpg/100x100bb.jpg,https://is1-ssl.mzstatic.com/image/thumb/Music211/v4/d7/74/95/d7749586-07c4-dbc9-c328-622fe098b817/196873001661.jpg/600x600bb.jpg
1833407806,Lonely Night In The Park - Single,2025-08-22T07:00:00Z,1,Rock,https://is1-ssl.mzstatic.com/image/thumb/Music211/v4/0c/a5/6f/0ca56fd5-a2e3-f317-464c-b1368a8f42c6/196873516677.jpg/100x100bb.jpg,https://is1-ssl.mzstatic.com/image/thumb/Music211/v4/0c/a5/6f/0ca56fd5-a2e3-f317-464c-b1368a8f42c6/196873516677.jpg/600x600bb.jpg
1837813103,Atlantic City (Live in Jersey) [feat. Bruce Springsteen and Kings of Leon] - Single,2025-09-12T07:00:00Z,1,Country,https://is1-ssl.mzstatic.com/image/thumb/Music221/v4/31/ba/ea/31baead0-be70-5d1f-7170-c5c3ee20b13e/054391226778.jpg/100x100bb.jpg,https://is1-ssl.mzstatic.com/image/thumb/Music221/v4/31/ba/ea/31baead0-be70-5d1f-7170-c5c3ee20b13e/054391226778.jpg/600x600bb.jpg
1841297959,Open All Night (Nebraska Live) - Single,2025-09-25T07:00:00Z,1,Rock,https://is1-ssl.mzstatic.com/image/thumb/Music221/v4/a1/fd/db/a1fddb18-eb2f-fe8a-2463-4eedeb089b31/196873535890.jpg/100x100bb.jpg,https://is1-ssl.mzstatic.com/image/thumb/Music221/v4/a1/fd/db/a1fddb18-eb2f-fe8a-2463-4eedeb089b31/196873535890.jpg/600x600bb.jpg
1835769599,Nebraska '82: Expanded Edition,2025-10-24T07:00:00Z,37,Rock,https://is1-ssl.mzstatic.com/image/thumb/Music221/v4/d6/fe/3d/d6fe3d00-46b5-0a47-10a4-958bef533db4/196873495354.jpg/100x100bb.jpg,https://is1-ssl.mzstatic.com/image/thumb/Music221/v4/d6/fe/3d/d6fe3d00-46b5-0a47-10a4-958bef533db4/196873495354.jpg/600x600bb.jpg
1847686532,"We Are The World (Remastered) [feat. Al Jarreau, Anita Pointer, B. Midler, Billy Joel, Bob Dylan, Bob Geldof, Bruce Springsteen, Cyndi Lauper, Dan Aykroyd, Daryl Hall, Diana Ross, Dionne Warwick, Harry Belafonte, Huey Lewis and the News, Jackie Jackson, James Ingram, Jeffrey Osborne, John Oates, June Pointer, Kenny Loggins, Kenny Rogers, Kim Carnes, La Toya Jackson, Lindsey Buckingham, Lionel Richie, Marlon Jackson, Michael Jackson, Paul Simon, Randy Jackson, Ray Charles, Ruth Pointer, Sheila E., Smokey Robinson, Steve Perry, Stevie Wonder, Tito Jackson, Tina Turner, Waylon Jennings & Willie Nelson] - Single",2025-11-21T08:00:00Z,1,Pop,https://is1-ssl.mzstatic.com/image/thumb/Music211/v4/1a/a9/2b/1aa92bb3-f2ee-4f25-1bc9-ba252bd75be8/199806087862.jpg/100x100bb.jpg,https://is1-ssl.mzstatic.com/image/thumb/Music211/v4/1a/a9/2b/1aa92bb3-f2ee-4f25-1bc9-ba252bd75be8/199806087862.jpg/600x600bb.jpg
1872729700,Streets of Minneapolis (Radio Mix) - Single,2026-01-28T08:00:00Z,1,Rock,https://is1-ssl.mzstatic.com/image/thumb/Music211/v4/38/2f/5f/382f5f6e-f4f6-8a9f-84aa-7b9e133a18e1/196874063019.jpg/100x100bb.jpg,https://is1-ssl.mzstatic.com/image/thumb/Music211/v4/38/2f/5f/382f5f6e-f4f6-8a9f-84aa-7b9e133a18e1/196874063019.jpg/600x600bb.jpg
1878459215,A Rainy Night in Soho - Single,2026-03-12T07:00:00Z,1,Folk-Rock,https://is1-ssl.mzstatic.com/image/thumb/Music221/v4/28/8f/3b/288f3b79-2161-9023-213a-812619f474fb/8721416643422.png/100x100bb.jpg,https://is1-ssl.mzstatic.com/image/thumb/Music221/v4/28/8f/3b/288f3b79-2161-9023-213a-812619f474fb/8721416643422.png/600x600bb.jpg
